"TIME", "TEMPERATURE1"
0.000000000000e+00, 0.000000000000e+00
3.906250000000e+05, 6.534114391560e-02
7.812500000000e+05, 1.609980310956e-01
1.171875000000e+06, 2.437677743120e-01
1.562500000000e+06, 3.102485007423e-01
1.953125000000e+06, 3.635580915831e-01
2.343750000000e+06, 4.069714905598e-01
2.734375000000e+06, 4.429803661827e-01
3.125000000000e+06, 4.733677927281e-01
3.515625000000e+06, 4.994049968735e-01
3.906250000000e+06, 5.220106774593e-01
4.296875000000e+06, 5.418612339699e-01
4.687500000000e+06, 5.594643593666e-01
5.078125000000e+06, 5.752081703816e-01
5.468750000000e+06, 5.893944216466e-01
5.859375000000e+06, 6.022613452628e-01
6.250000000000e+06, 6.139996439130e-01
6.640625000000e+06, 6.247638915196e-01
7.031250000000e+06, 6.346807991644e-01
7.421875000000e+06, 6.438553039020e-01
7.812500000000e+06, 6.523751202143e-01
8.203125000000e+06, 6.603141887113e-01
8.593750000000e+06, 6.677353221368e-01
8.984375000000e+06, 6.746922590618e-01
9.375000000000e+06, 6.812312749255e-01
9.765625000000e+06, 6.873924583464e-01
1.015625000000e+07, 6.932107315238e-01
1.054687500000e+07, 6.987166729854e-01
1.093750000000e+07, 7.039371862169e-01
1.132812500000e+07, 7.088960470513e-01
1.171875000000e+07, 7.136143548872e-01
1.210937500000e+07, 7.181109070294e-01
1.250000000000e+07, 7.224025111234e-01
1.289062500000e+07, 7.265042474012e-01
1.328125000000e+07, 7.304296899730e-01
1.367187500000e+07, 7.341910944992e-01
1.406250000000e+07, 7.377995581036e-01
1.445312500000e+07, 7.412651562457e-01
1.484375000000e+07, 7.445970603660e-01
1.523437500000e+07, 7.478036394144e-01
1.562500000000e+07, 7.508925478010e-01
1.601562500000e+07, 7.538708018626e-01
1.640625000000e+07, 7.567448465734e-01
1.679687500000e+07, 7.595206139348e-01
1.718750000000e+07, 7.622035742435e-01
1.757812500000e+07, 7.647987812392e-01
1.796875000000e+07, 7.673109119779e-01
1.835937500000e+07, 7.697443021419e-01
1.875000000000e+07, 7.721029773910e-01
1.914062500000e+07, 7.743906812678e-01
1.953125000000e+07, 7.766109000967e-01
1.992187500000e+07, 7.787668852506e-01
2.031250000000e+07, 7.808616731081e-01
2.070312500000e+07, 7.828981029789e-01
2.109375000000e+07, 7.848788332371e-01
2.148437500000e+07, 7.868063558701e-01
2.187500000000e+07, 7.886830096241e-01
2.226562500000e+07, 7.905109919026e-01
2.265625000000e+07, 7.922923695559e-01
2.304687500000e+07, 7.940290886810e-01
2.343750000000e+07, 7.957229835383e-01
2.382812500000e+07, 7.973757846767e-01
2.421875000000e+07, 7.989891263485e-01
2.460937500000e+07, 8.005645532881e-01
2.500000000000e+07, 8.021035269154e-01
2.539062500000e+07, 8.036074310233e-01
2.578125000000e+07, 8.050775769969e-01
2.617187500000e+07, 8.065152086111e-01
2.656250000000e+07, 8.079215064449e-01
2.695312500000e+07, 8.092975919493e-01
2.734375000000e+07, 8.106445311991e-01
2.773437500000e+07, 8.119633383585e-01
2.812500000000e+07, 8.132549788850e-01
2.851562500000e+07, 8.145203724949e-01
2.890625000000e+07, 8.157603959118e-01
2.929687500000e+07, 8.169758854151e-01
2.968750000000e+07, 8.181676392070e-01
3.007812500000e+07, 8.193364196119e-01
3.046875000000e+07, 8.204829551231e-01
3.085937500000e+07, 8.216079423084e-01
3.125000000000e+07, 8.227120475857e-01
3.164062500000e+07, 8.237959088803e-01
3.203125000000e+07, 8.248601371716e-01
3.242187500000e+07, 8.259053179384e-01
3.281250000000e+07, 8.269320125112e-01
3.320312500000e+07, 8.279407593373e-01
3.359375000000e+07, 8.289320751659e-01
3.398437500000e+07, 8.299064561595e-01
3.437500000000e+07, 8.308643789361e-01
3.476562500000e+07, 8.318063015476e-01
3.515625000000e+07, 8.327326643996e-01
3.554687500000e+07, 8.336438911154e-01
3.593750000000e+07, 8.345403893492e-01
3.632812500000e+07, 8.354225515518e-01
3.671875000000e+07, 8.362907556917e-01
3.710937500000e+07, 8.371453659348e-01
3.750000000000e+07, 8.379867332857e-01
3.789062500000e+07, 8.388151961930e-01
3.828125000000e+07, 8.396310811207e-01
3.867187500000e+07, 8.404347030880e-01
3.906250000000e+07, 8.412263661804e-01
3.945312500000e+07, 8.420063640325e-01
3.984375000000e+07, 8.427749802853e-01
4.023437500000e+07, 8.435324890189e-01
4.062500000000e+07, 8.442791551632e-01
4.101562500000e+07, 8.450152348869e-01
4.140625000000e+07, 8.457409759660e-01
4.179687500000e+07, 8.464566181346e-01
4.218750000000e+07, 8.471623934169e-01
4.257812500000e+07, 8.478585264431e-01
4.296875000000e+07, 8.485452347498e-01
4.335937500000e+07, 8.492227290651e-01
4.375000000000e+07, 8.498912135803e-01
4.414062500000e+07, 8.505508862083e-01
4.453125000000e+07, 8.512019388293e-01
4.492187500000e+07, 8.518445575255e-01
4.531250000000e+07, 8.524789228044e-01
4.570312500000e+07, 8.531052098112e-01
4.609375000000e+07, 8.537235885326e-01
4.648437500000e+07, 8.543342239896e-01
4.687500000000e+07, 8.549372764232e-01
4.726562500000e+07, 8.555329014707e-01
4.765625000000e+07, 8.561212503342e-01
4.804687500000e+07, 8.567024699416e-01
4.843750000000e+07, 8.572767031014e-01
4.882812500000e+07, 8.578440886491e-01
4.921875000000e+07, 8.584047615888e-01
4.960937500000e+07, 8.589588532280e-01
5.000000000000e+07, 8.595064913063e-01
5.039062500000e+07, 8.600478001194e-01
5.078125000000e+07, 8.605829006377e-01
5.117187500000e+07, 8.611119106194e-01
5.156250000000e+07, 8.616349447196e-01
5.195312500000e+07, 8.621521145945e-01
5.234375000000e+07, 8.626635290016e-01
5.273437500000e+07, 8.631692938957e-01
5.312500000000e+07, 8.636695125211e-01
5.351562500000e+07, 8.641642854998e-01
5.390625000000e+07, 8.646537109171e-01
5.429687500000e+07, 8.651378844027e-01
5.468750000000e+07, 8.656168992093e-01
5.507812500000e+07, 8.660908462882e-01
5.546875000000e+07, 8.665598143617e-01
5.585937500000e+07, 8.670238899926e-01
5.625000000000e+07, 8.674831576518e-01
5.664062500000e+07, 8.679376997825e-01
5.703125000000e+07, 8.683875968623e-01
5.742187500000e+07, 8.688329274634e-01
5.781250000000e+07, 8.692737683096e-01
5.820312500000e+07, 8.697101943326e-01
5.859375000000e+07, 8.701422787248e-01
5.898437500000e+07, 8.705700929913e-01
5.937500000000e+07, 8.709937069992e-01
5.976562500000e+07, 8.714131890259e-01
6.015625000000e+07, 8.718286058050e-01
6.054687500000e+07, 8.722400225711e-01
6.093750000000e+07, 8.726475031027e-01
6.132812500000e+07, 8.730511097637e-01
6.171875000000e+07, 8.734509035436e-01
6.210937500000e+07, 8.738469440961e-01
6.250000000000e+07, 8.742392897764e-01
6.289062500000e+07, 8.746279976776e-01
6.328125000000e+07, 8.750131236652e-01
6.367187500000e+07, 8.753947224113e-01
6.406250000000e+07, 8.757728474265e-01
6.445312500000e+07, 8.761475510922e-01
6.484375000000e+07, 8.765188846905e-01
6.523437500000e+07, 8.768868984340e-01
6.562500000000e+07, 8.772516414938e-01
6.601562500000e+07, 8.776131620280e-01
6.640625000000e+07, 8.779715072075e-01
6.679687500000e+07, 8.783267232424e-01
6.718750000000e+07, 8.786788554066e-01
6.757812500000e+07, 8.790279480625e-01
6.796875000000e+07, 8.793740446843e-01
6.835937500000e+07, 8.797171878803e-01
6.875000000000e+07, 8.800574194156e-01
6.914062500000e+07, 8.803947802332e-01
6.953125000000e+07, 8.807293104745e-01
6.992187500000e+07, 8.810610494994e-01
7.031250000000e+07, 8.813900359061e-01
7.070312500000e+07, 8.817163075496e-01
7.109375000000e+07, 8.820399015599e-01
7.148437500000e+07, 8.823608543603e-01
7.187500000000e+07, 8.826792016839e-01
7.226562500000e+07, 8.829949785910e-01
7.265625000000e+07, 8.833082194847e-01
7.304687500000e+07, 8.836189581271e-01
7.343750000000e+07, 8.839272276544e-01
7.382812500000e+07, 8.842330605915e-01
7.421875000000e+07, 8.845364888670e-01
7.460937500000e+07, 8.848375438266e-01
7.500000000000e+07, 8.851362562470e-01
7.539062500000e+07, 8.854326563492e-01
7.578125000000e+07, 8.857267738110e-01
7.617187500000e+07, 8.860186377799e-01
7.656250000000e+07, 8.863082768847e-01
7.695312500000e+07, 8.865957192480e-01
7.734375000000e+07, 8.868809924969e-01
7.773437500000e+07, 8.871641237748e-01
7.812500000000e+07, 8.874451397519e-01
7.851562500000e+07, 8.877240666356e-01
7.890625000000e+07, 8.880009301813e-01
7.929687500000e+07, 8.882757557019e-01
7.968750000000e+07, 8.885485680777e-01
8.007812500000e+07, 8.888193917659e-01
8.046875000000e+07, 8.890882508098e-01
8.085937500000e+07, 8.893551688475e-01
8.125000000000e+07, 8.896201691211e-01
8.164062500000e+07, 8.898832744848e-01
8.203125000000e+07, 8.901445074134e-01
8.242187500000e+07, 8.904038900103e-01
8.281250000000e+07, 8.906614440152e-01
8.320312500000e+07, 8.909171908121e-01
8.359375000000e+07, 8.911711514364e-01
8.398437500000e+07, 8.914233465824e-01
8.437500000000e+07, 8.916737966102e-01
8.476562500000e+07, 8.919225215529e-01
8.515625000000e+07, 8.921695411228e-01
8.554687500000e+07, 8.924148747187e-01
8.593750000000e+07, 8.926585414314e-01
8.632812500000e+07, 8.929005600510e-01
8.671875000000e+07, 8.931409490720e-01
8.710937500000e+07, 8.933797266997e-01
8.750000000000e+07, 8.936169108560e-01
8.789062500000e+07, 8.938525191852e-01
8.828125000000e+07, 8.940865690589e-01
8.867187500000e+07, 8.943190775820e-01
8.906250000000e+07, 8.945500615977e-01
8.945312500000e+07, 8.947795376927e-01
8.984375000000e+07, 8.950075222022e-01
9.023437500000e+07, 8.952340312145e-01
9.062500000000e+07, 8.954590805762e-01
9.101562500000e+07, 8.956826858966e-01
9.140625000000e+07, 8.959048625524e-01
9.179687500000e+07, 8.961256256920e-01
9.218750000000e+07, 8.963449902397e-01
9.257812500000e+07, 8.965629709005e-01
9.296875000000e+07, 8.967795821636e-01
9.335937500000e+07, 8.969948383067e-01
9.375000000000e+07, 8.972087534001e-01
9.414062500000e+07, 8.974213413104e-01
9.453125000000e+07, 8.976326157041e-01
9.492187500000e+07, 8.978425900518e-01
9.531250000000e+07, 8.980512776312e-01
9.570312500000e+07, 8.982586915313e-01
9.609375000000e+07, 8.984648446550e-01
9.648437500000e+07, 8.986697497233e-01
9.687500000000e+07, 8.988734192780e-01
9.726562500000e+07, 8.990758656854e-01
9.765625000000e+07, 8.992771011391e-01
9.804687500000e+07, 8.994771376631e-01
9.843750000000e+07, 8.996759871150e-01
9.882812500000e+07, 8.998736611890e-01
9.921875000000e+07, 9.000701714184e-01
9.960937500000e+07, 9.002655291789e-01
1.000000000000e+08, 9.004597456910e-01
1.003906250000e+08, 9.006528320230e-01
1.007812500000e+08, 9.008447990933e-01
1.011718750000e+08, 9.010356576735e-01
1.015625000000e+08, 9.012254183904e-01
1.019531250000e+08, 9.014140917286e-01
1.023437500000e+08, 9.016016880335e-01
1.027343750000e+08, 9.017882175128e-01
1.031250000000e+08, 9.019736902394e-01
1.035156250000e+08, 9.021581161538e-01
1.039062500000e+08, 9.023415050656e-01
1.042968750000e+08, 9.025238666567e-01
1.046875000000e+08, 9.027052104826e-01
1.050781250000e+08, 9.028855459749e-01
1.054687500000e+08, 9.030648824433e-01
1.058593750000e+08, 9.032432290777e-01
1.062500000000e+08, 9.034205949499e-01
1.066406250000e+08, 9.035969890159e-01
1.070312500000e+08, 9.037724201175e-01
1.074218750000e+08, 9.039468969845e-01
1.078125000000e+08, 9.041204282360e-01
1.082031250000e+08, 9.042930223827e-01
1.085937500000e+08, 9.044646878284e-01
1.089843750000e+08, 9.046354328718e-01
1.093750000000e+08, 9.048052657081e-01
1.097656250000e+08, 9.049741944308e-01
1.101562500000e+08, 9.051422270331e-01
1.105468750000e+08, 9.053093714097e-01
1.109375000000e+08, 9.054756353583e-01
1.113281250000e+08, 9.056410265810e-01
1.117187500000e+08, 9.058055526859e-01
1.121093750000e+08, 9.059692211887e-01
1.125000000000e+08, 9.061320395140e-01
1.128906250000e+08, 9.062940149965e-01
1.132812500000e+08, 9.064551548829e-01
1.136718750000e+08, 9.066154663328e-01
1.140625000000e+08, 9.067749564203e-01
1.144531250000e+08, 9.069336321351e-01
1.148437500000e+08, 9.070915003841e-01
1.152343750000e+08, 9.072485679922e-01
1.156250000000e+08, 9.074048417041e-01
1.160156250000e+08, 9.075603281851e-01
1.164062500000e+08, 9.077150340223e-01
1.167968750000e+08, 9.078689657262e-01
1.171875000000e+08, 9.080221297312e-01
1.175781250000e+08, 9.081745323972e-01
1.179687500000e+08, 9.083261800108e-01
1.183593750000e+08, 9.084770787857e-01
1.187500000000e+08, 9.086272348648e-01
1.191406250000e+08, 9.087766543203e-01
1.195312500000e+08, 9.089253431552e-01
1.199218750000e+08, 9.090733073043e-01
1.203125000000e+08, 9.092205526350e-01
1.207031250000e+08, 9.093670849487e-01
1.210937500000e+08, 9.095129099811e-01
1.214843750000e+08, 9.096580334037e-01
1.218750000000e+08, 9.098024608247e-01
1.222656250000e+08, 9.099461977893e-01
1.226562500000e+08, 9.100892497814e-01
1.230468750000e+08, 9.102316222242e-01
1.234375000000e+08, 9.103733204805e-01
1.238281250000e+08, 9.105143498546e-01
1.242187500000e+08, 9.106547155921e-01
1.246093750000e+08, 9.107944228815e-01
1.250000000000e+08, 9.109334768546e-01
1.253906250000e+08, 9.110718825872e-01
1.257812500000e+08, 9.112096451004e-01
1.261718750000e+08, 9.113467693608e-01
1.265625000000e+08, 9.114832602815e-01
1.269531250000e+08, 9.116191227227e-01
1.273437500000e+08, 9.117543614929e-01
1.277343750000e+08, 9.118889813489e-01
1.281250000000e+08, 9.120229869971e-01
1.285156250000e+08, 9.121563830937e-01
1.289062500000e+08, 9.122891742459e-01
1.292968750000e+08, 9.124213650122e-01
1.296875000000e+08, 9.125529599030e-01
1.300781250000e+08, 9.126839633816e-01
1.304687500000e+08, 9.128143798646e-01
1.308593750000e+08, 9.129442137226e-01
1.312500000000e+08, 9.130734692806e-01
1.316406250000e+08, 9.132021508190e-01
1.320312500000e+08, 9.133302625738e-01
1.324218750000e+08, 9.134578087375e-01
1.328125000000e+08, 9.135847934595e-01
1.332031250000e+08, 9.137112208467e-01
1.335937500000e+08, 9.138370949640e-01
1.339843750000e+08, 9.139624198350e-01
1.343750000000e+08, 9.140871994426e-01
1.347656250000e+08, 9.142114377290e-01
1.351562500000e+08, 9.143351385970e-01
1.355468750000e+08, 9.144583059098e-01
1.359375000000e+08, 9.145809434922e-01
1.363281250000e+08, 9.147030551304e-01
1.367187500000e+08, 9.148246445729e-01
1.371093750000e+08, 9.149457155310e-01
1.375000000000e+08, 9.150662716791e-01
1.378906250000e+08, 9.151863166554e-01
1.382812500000e+08, 9.153058540620e-01
1.386718750000e+08, 9.154248874657e-01
1.390625000000e+08, 9.155434203981e-01
1.394531250000e+08, 9.156614563567e-01
1.398437500000e+08, 9.157789988044e-01
1.402343750000e+08, 9.158960511706e-01
1.406250000000e+08, 9.160126168516e-01
1.410156250000e+08, 9.161286992106e-01
1.414062500000e+08, 9.162443015784e-01
1.417968750000e+08, 9.163594272539e-01
1.421875000000e+08, 9.164740795042e-01
1.425781250000e+08, 9.165882615652e-01
1.429687500000e+08, 9.167019766419e-01
1.433593750000e+08, 9.168152279089e-01
1.437500000000e+08, 9.169280185104e-01
1.441406250000e+08, 9.170403515612e-01
1.445312500000e+08, 9.171522301465e-01
1.449218750000e+08, 9.172636573224e-01
1.453125000000e+08, 9.173746361165e-01
1.457031250000e+08, 9.174851695279e-01
1.460937500000e+08, 9.175952605278e-01
1.464843750000e+08, 9.177049120596e-01
1.468750000000e+08, 9.178141270394e-01
1.472656250000e+08, 9.179229083564e-01
1.476562500000e+08, 9.180312588730e-01
1.480468750000e+08, 9.181391814252e-01
1.484375000000e+08, 9.182466788231e-01
1.488281250000e+08, 9.183537538508e-01
1.492187500000e+08, 9.184604092671e-01
1.496093750000e+08, 9.185666478056e-01
1.500000000000e+08, 9.186724721751e-01
1.503906250000e+08, 9.187778850598e-01
1.507812500000e+08, 9.188828891195e-01
1.511718750000e+08, 9.189874869902e-01
1.515625000000e+08, 9.190916812839e-01
1.519531250000e+08, 9.191954745895e-01
1.523437500000e+08, 9.192988694724e-01
1.527343750000e+08, 9.194018684752e-01
1.531250000000e+08, 9.195044741180e-01
1.535156250000e+08, 9.196066888982e-01
1.539062500000e+08, 9.197085152914e-01
1.542968750000e+08, 9.198099557509e-01
1.546875000000e+08, 9.199110127089e-01
1.550781250000e+08, 9.200116885757e-01
1.554687500000e+08, 9.201119857407e-01
1.558593750000e+08, 9.202119065723e-01
1.562500000000e+08, 9.203114534184e-01
1.566406250000e+08, 9.204106286062e-01
1.570312500000e+08, 9.205094344428e-01
1.574218750000e+08, 9.206078732154e-01
1.578125000000e+08, 9.207059471913e-01
1.582031250000e+08, 9.208036586182e-01
1.585937500000e+08, 9.209010097246e-01
1.589843750000e+08, 9.209980027199e-01
1.593750000000e+08, 9.210946397944e-01
1.597656250000e+08, 9.211909231199e-01
1.601562500000e+08, 9.212868548496e-01
1.605468750000e+08, 9.213824371184e-01
1.609375000000e+08, 9.214776720431e-01
1.613281250000e+08, 9.215725617227e-01
1.617187500000e+08, 9.216671082383e-01
1.621093750000e+08, 9.217613136537e-01
1.625000000000e+08, 9.218551800153e-01
1.628906250000e+08, 9.219487093523e-01
1.632812500000e+08, 9.220419036771e-01
1.636718750000e+08, 9.221347649850e-01
1.640625000000e+08, 9.222272952551e-01
1.644531250000e+08, 9.223194964500e-01
1.648437500000e+08, 9.224113705157e-01
1.652343750000e+08, 9.225029193827e-01
1.656250000000e+08, 9.225941449651e-01
1.660156250000e+08, 9.226850491617e-01
1.664062500000e+08, 9.227756338553e-01
1.667968750000e+08, 9.228659009137e-01
1.671875000000e+08, 9.229558521892e-01
1.675781250000e+08, 9.230454895191e-01
1.679687500000e+08, 9.231348147259e-01
1.683593750000e+08, 9.232238296171e-01
1.687500000000e+08, 9.233125359859e-01
1.691406250000e+08, 9.234009356107e-01
1.695312500000e+08, 9.234890302558e-01
1.699218750000e+08, 9.235768216713e-01
1.703125000000e+08, 9.236643115933e-01
1.707031250000e+08, 9.237515017440e-01
1.710937500000e+08, 9.238383938319e-01
1.714843750000e+08, 9.239249895519e-01
1.718750000000e+08, 9.240112905854e-01
1.722656250000e+08, 9.240972986006e-01
1.726562500000e+08, 9.241830152525e-01
1.730468750000e+08, 9.242684421828e-01
1.734375000000e+08, 9.243535810208e-01
1.738281250000e+08, 9.244384333825e-01
1.742187500000e+08, 9.245230008717e-01
1.746093750000e+08, 9.246072850792e-01
1.750000000000e+08, 9.246912875839e-01
1.753906250000e+08, 9.247750099521e-01
1.757812500000e+08, 9.248584537381e-01
1.761718750000e+08, 9.249416204839e-01
1.765625000000e+08, 9.250245117201e-01
1.769531250000e+08, 9.251071289650e-01
1.773437500000e+08, 9.251894737255e-01
1.777343750000e+08, 9.252715474969e-01
1.781250000000e+08, 9.253533517630e-01
1.785156250000e+08, 9.254348879964e-01
1.789062500000e+08, 9.255161576582e-01
1.792968750000e+08, 9.255971621988e-01
1.796875000000e+08, 9.256779030572e-01
1.800781250000e+08, 9.257583816617e-01
1.804687500000e+08, 9.258385994299e-01
1.808593750000e+08, 9.259185577685e-01
1.812500000000e+08, 9.259982580737e-01
1.816406250000e+08, 9.260777017314e-01
1.820312500000e+08, 9.261568901168e-01
1.824218750000e+08, 9.262358245952e-01
1.828125000000e+08, 9.263145065213e-01
1.832031250000e+08, 9.263929372401e-01
1.835937500000e+08, 9.264711180864e-01
1.839843750000e+08, 9.265490503852e-01
1.843750000000e+08, 9.266267354517e-01
1.847656250000e+08, 9.267041745913e-01
1.851562500000e+08, 9.267813691000e-01
1.855468750000e+08, 9.268583202640e-01
1.859375000000e+08, 9.269350293603e-01
1.863281250000e+08, 9.270114976565e-01
1.867187500000e+08, 9.270877264110e-01
1.871093750000e+08, 9.271637168729e-01
1.875000000000e+08, 9.272394702823e-01
1.878906250000e+08, 9.273149878704e-01
1.882812500000e+08, 9.273902708594e-01
1.886718750000e+08, 9.274653204626e-01
1.890625000000e+08, 9.275401378847e-01
1.894531250000e+08, 9.276147243216e-01
1.898437500000e+08, 9.276890809608e-01
1.902343750000e+08, 9.277632089812e-01
1.906250000000e+08, 9.278371095532e-01
1.910156250000e+08, 9.279107838389e-01
1.914062500000e+08, 9.279842329923e-01
1.917968750000e+08, 9.280574581590e-01
1.921875000000e+08, 9.281304604766e-01
1.925781250000e+08, 9.282032410745e-01
1.929687500000e+08, 9.282758010743e-01
1.933593750000e+08, 9.283481415897e-01
1.937500000000e+08, 9.284202637264e-01
1.941406250000e+08, 9.284921685826e-01
1.945312500000e+08, 9.285638572486e-01
1.949218750000e+08, 9.286353308071e-01
1.953125000000e+08, 9.287065903334e-01
1.957031250000e+08, 9.287776368953e-01
1.960937500000e+08, 9.288484715530e-01
1.964843750000e+08, 9.289190953596e-01
1.968750000000e+08, 9.289895093607e-01
1.972656250000e+08, 9.290597145949e-01
1.976562500000e+08, 9.291297120934e-01
1.980468750000e+08, 9.291995028806e-01
1.984375000000e+08, 9.292690879736e-01
1.988281250000e+08, 9.293384683828e-01
1.992187500000e+08, 9.294076451115e-01
1.996093750000e+08, 9.294766191563e-01
2.000000000000e+08, 9.295453915069e-01
2.003906250000e+08, 9.296139631463e-01
2.007812500000e+08, 9.296823350510e-01
2.011718750000e+08, 9.297505081906e-01
2.015625000000e+08, 9.298184835285e-01
2.019531250000e+08, 9.298862620214e-01
2.023437500000e+08, 9.299538446196e-01
2.027343750000e+08, 9.300212322671e-01
2.031250000000e+08, 9.300884259014e-01
2.035156250000e+08, 9.301554264540e-01
2.039062500000e+08, 9.302222348499e-01
2.042968750000e+08, 9.302888520083e-01
2.046875000000e+08, 9.303552788419e-01
2.050781250000e+08, 9.304215162577e-01
2.054687500000e+08, 9.304875651564e-01
2.058593750000e+08, 9.305534264330e-01
2.062500000000e+08, 9.306191009764e-01
2.066406250000e+08, 9.306845896699e-01
2.070312500000e+08, 9.307498933908e-01
2.074218750000e+08, 9.308150130106e-01
2.078125000000e+08, 9.308799493953e-01
2.082031250000e+08, 9.309447034053e-01
2.085937500000e+08, 9.310092758950e-01
2.089843750000e+08, 9.310736677137e-01
2.093750000000e+08, 9.311378797049e-01
2.097656250000e+08, 9.312019127067e-01
2.101562500000e+08, 9.312657675520e-01
2.105468750000e+08, 9.313294450680e-01
2.109375000000e+08, 9.313929460767e-01
2.113281250000e+08, 9.314562713950e-01
2.117187500000e+08, 9.315194218342e-01
2.121093750000e+08, 9.315823982008e-01
2.125000000000e+08, 9.316452012959e-01
2.128906250000e+08, 9.317078319155e-01
2.132812500000e+08, 9.317702908506e-01
2.136718750000e+08, 9.318325788873e-01
2.140625000000e+08, 9.318946968064e-01
2.144531250000e+08, 9.319566453840e-01
2.148437500000e+08, 9.320184253913e-01
2.152343750000e+08, 9.320800375945e-01
2.156250000000e+08, 9.321414827551e-01
2.160156250000e+08, 9.322027616298e-01
2.164062500000e+08, 9.322638749706e-01
2.167968750000e+08, 9.323248235245e-01
2.171875000000e+08, 9.323856080344e-01
2.175781250000e+08, 9.324462292379e-01
2.179687500000e+08, 9.325066878686e-01
2.183593750000e+08, 9.325669846552e-01
2.187500000000e+08, 9.326271203220e-01
2.191406250000e+08, 9.326870955888e-01
2.195312500000e+08, 9.327469111710e-01
2.199218750000e+08, 9.328065677795e-01
2.203125000000e+08, 9.328660661208e-01
2.207031250000e+08, 9.329254068973e-01
2.210937500000e+08, 9.329845908069e-01
2.214843750000e+08, 9.330436185431e-01
2.218750000000e+08, 9.331024907956e-01
2.222656250000e+08, 9.331612082495e-01
2.226562500000e+08, 9.332197715858e-01
2.230468750000e+08, 9.332781814816e-01
2.234375000000e+08, 9.333364386096e-01
2.238281250000e+08, 9.333945436385e-01
2.242187500000e+08, 9.334524972332e-01
2.246093750000e+08, 9.335103000544e-01
2.250000000000e+08, 9.335679527587e-01
2.253906250000e+08, 9.336254559989e-01
2.257812500000e+08, 9.336828104241e-01
2.261718750000e+08, 9.337400166791e-01
2.265625000000e+08, 9.337970754051e-01
2.269531250000e+08, 9.338539872395e-01
2.273437500000e+08, 9.339107528157e-01
2.277343750000e+08, 9.339673727637e-01
2.281250000000e+08, 9.340238477093e-01
2.285156250000e+08, 9.340801782751e-01
2.289062500000e+08, 9.341363650795e-01
2.292968750000e+08, 9.341924087377e-01
2.296875000000e+08, 9.342483098610e-01
2.300781250000e+08, 9.343040690572e-01
2.304687500000e+08, 9.343596869307e-01
2.308593750000e+08, 9.344151640820e-01
2.312500000000e+08, 9.344705011084e-01
2.316406250000e+08, 9.345256986037e-01
2.320312500000e+08, 9.345807571580e-01
2.324218750000e+08, 9.346356773581e-01
2.328125000000e+08, 9.346904597876e-01
2.332031250000e+08, 9.347451050265e-01
2.335937500000e+08, 9.347996136514e-01
2.339843750000e+08, 9.348539862357e-01
2.343750000000e+08, 9.349082233494e-01
2.347656250000e+08, 9.349623255595e-01
2.351562500000e+08, 9.350162934293e-01
2.355468750000e+08, 9.350701275192e-01
2.359375000000e+08, 9.351238283863e-01
2.363281250000e+08, 9.351773965846e-01
2.367187500000e+08, 9.352308326647e-01
2.371093750000e+08, 9.352841371743e-01
2.375000000000e+08, 9.353373106580e-01
2.378906250000e+08, 9.353903536571e-01
2.382812500000e+08, 9.354432667101e-01
2.386718750000e+08, 9.354960503522e-01
2.390625000000e+08, 9.355487051158e-01
2.394531250000e+08, 9.356012315302e-01
2.398437500000e+08, 9.356536301217e-01
2.402343750000e+08, 9.357059014138e-01
2.406250000000e+08, 9.357580459268e-01
2.410156250000e+08, 9.358100641784e-01
2.414062500000e+08, 9.358619566831e-01
2.417968750000e+08, 9.359137239529e-01
2.421875000000e+08, 9.359653664966e-01
2.425781250000e+08, 9.360168848203e-01
2.429687500000e+08, 9.360682794275e-01
2.433593750000e+08, 9.361195508186e-01
2.437500000000e+08, 9.361706994913e-01
2.441406250000e+08, 9.362217259408e-01
2.445312500000e+08, 9.362726306593e-01
2.449218750000e+08, 9.363234141364e-01
2.453125000000e+08, 9.363740768591e-01
2.457031250000e+08, 9.364246193116e-01
2.460937500000e+08, 9.364750419755e-01
2.464843750000e+08, 9.365253453297e-01
2.468750000000e+08, 9.365755298507e-01
2.472656250000e+08, 9.366255960122e-01
2.476562500000e+08, 9.366755442855e-01
2.480468750000e+08, 9.367253751391e-01
2.484375000000e+08, 9.367750890392e-01
2.488281250000e+08, 9.368246864494e-01
2.492187500000e+08, 9.368741678308e-01
2.496093750000e+08, 9.369235336421e-01
2.500000000000e+08, 9.369727843393e-01
2.503906250000e+08, 9.370219203762e-01
2.507812500000e+08, 9.370709422041e-01
2.511718750000e+08, 9.371198502718e-01
2.515625000000e+08, 9.371686450258e-01
2.519531250000e+08, 9.372173269102e-01
2.523437500000e+08, 9.372658963668e-01
2.527343750000e+08, 9.373143538349e-01
2.531250000000e+08, 9.373626997515e-01
2.535156250000e+08, 9.374109345515e-01
2.539062500000e+08, 9.374590586673e-01
2.542968750000e+08, 9.375070725291e-01
2.546875000000e+08, 9.375549765646e-01
2.550781250000e+08, 9.376027711997e-01
2.554687500000e+08, 9.376504568577e-01
2.558593750000e+08, 9.376980339598e-01
2.562500000000e+08, 9.377455029251e-01
2.566406250000e+08, 9.377928641703e-01
2.570312500000e+08, 9.378401181100e-01
2.574218750000e+08, 9.378872651568e-01
2.578125000000e+08, 9.379343057210e-01
2.582031250000e+08, 9.379812402108e-01
2.585937500000e+08, 9.380280690323e-01
2.589843750000e+08, 9.380747925895e-01
2.593750000000e+08, 9.381214112842e-01
2.597656250000e+08, 9.381679255164e-01
2.601562500000e+08, 9.382143356839e-01
2.605468750000e+08, 9.382606421822e-01
2.609375000000e+08, 9.383068454053e-01
2.613281250000e+08, 9.383529457446e-01
2.617187500000e+08, 9.383989435901e-01
2.621093750000e+08, 9.384448393293e-01
2.625000000000e+08, 9.384906333479e-01
2.628906250000e+08, 9.385363260298e-01
2.632812500000e+08, 9.385819177567e-01
2.636718750000e+08, 9.386274089086e-01
2.640625000000e+08, 9.386727998634e-01
2.644531250000e+08, 9.387180909971e-01
2.648437500000e+08, 9.387632826839e-01
2.652343750000e+08, 9.388083752960e-01
2.656250000000e+08, 9.388533692039e-01
2.660156250000e+08, 9.388982647761e-01
2.664062500000e+08, 9.389430623792e-01
2.667968750000e+08, 9.389877623782e-01
2.671875000000e+08, 9.390323651359e-01
2.675781250000e+08, 9.390768710138e-01
2.679687500000e+08, 9.391212803710e-01
2.683593750000e+08, 9.391655935654e-01
2.687500000000e+08, 9.392098109527e-01
2.691406250000e+08, 9.392539328871e-01
2.695312500000e+08, 9.392979597208e-01
2.699218750000e+08, 9.393418918045e-01
2.703125000000e+08, 9.393857294869e-01
2.707031250000e+08, 9.394294731154e-01
2.710937500000e+08, 9.394731230353e-01
2.714843750000e+08, 9.395166795903e-01
2.718750000000e+08, 9.395601431224e-01
2.722656250000e+08, 9.396035139722e-01
2.726562500000e+08, 9.396467924783e-01
2.730468750000e+08, 9.396899789777e-01
2.734375000000e+08, 9.397330738058e-01
2.738281250000e+08, 9.397760772966e-01
2.742187500000e+08, 9.398189897820e-01
2.746093750000e+08, 9.398618115928e-01
2.750000000000e+08, 9.399045430578e-01
2.753906250000e+08, 9.399471845044e-01
2.757812500000e+08, 9.399897362583e-01
2.761718750000e+08, 9.400321986439e-01
2.765625000000e+08, 9.400745719837e-01
2.769531250000e+08, 9.401168565988e-01
2.773437500000e+08, 9.401590528089e-01
2.777343750000e+08, 9.402011609319e-01
2.781250000000e+08, 9.402431812843e-01
2.785156250000e+08, 9.402851141812e-01
2.789062500000e+08, 9.403269599360e-01
2.792968750000e+08, 9.403687188607e-01
2.796875000000e+08, 9.404103912659e-01
2.800781250000e+08, 9.404519774606e-01
2.804687500000e+08, 9.404934777524e-01
2.808593750000e+08, 9.405348924473e-01
2.812500000000e+08, 9.405762218501e-01
2.816406250000e+08, 9.406174662641e-01
2.820312500000e+08, 9.406586259909e-01
2.824218750000e+08, 9.406997013310e-01
2.828125000000e+08, 9.407406925835e-01
2.832031250000e+08, 9.407816000457e-01
2.835937500000e+08, 9.408224240141e-01
2.839843750000e+08, 9.408631647832e-01
2.843750000000e+08, 9.409038226466e-01
2.847656250000e+08, 9.409443978963e-01
2.851562500000e+08, 9.409848908229e-01
2.855468750000e+08, 9.410253017159e-01
2.859375000000e+08, 9.410656308633e-01
2.863281250000e+08, 9.411058785516e-01
2.867187500000e+08, 9.411460450662e-01
2.871093750000e+08, 9.411861306912e-01
2.875000000000e+08, 9.412261357092e-01
2.878906250000e+08, 9.412660604016e-01
2.882812500000e+08, 9.413059050486e-01
2.886718750000e+08, 9.413456699289e-01
2.890625000000e+08, 9.413853553201e-01
2.894531250000e+08, 9.414249614986e-01
2.898437500000e+08, 9.414644887391e-01
2.902343750000e+08, 9.415039373156e-01
2.906250000000e+08, 9.415433075005e-01
2.910156250000e+08, 9.415825995651e-01
2.914062500000e+08, 9.416218137794e-01
2.917968750000e+08, 9.416609504122e-01
2.921875000000e+08, 9.417000097311e-01
2.925781250000e+08, 9.417389920024e-01
2.929687500000e+08, 9.417778974913e-01
2.933593750000e+08, 9.418167264617e-01
2.937500000000e+08, 9.418554791765e-01
2.941406250000e+08, 9.418941558972e-01
2.945312500000e+08, 9.419327568843e-01
2.949218750000e+08, 9.419712823969e-01
2.953125000000e+08, 9.420097326932e-01
2.957031250000e+08, 9.420481080300e-01
2.960937500000e+08, 9.420864086632e-01
2.964843750000e+08, 9.421246348474e-01
2.968750000000e+08, 9.421627868361e-01
2.972656250000e+08, 9.422008648817e-01
2.976562500000e+08, 9.422388692354e-01
2.980468750000e+08, 9.422768001472e-01
2.984375000000e+08, 9.423146578664e-01
2.988281250000e+08, 9.423524426407e-01
2.992187500000e+08, 9.423901547170e-01
2.996093750000e+08, 9.424277943411e-01
3.000000000000e+08, 9.424653617575e-01
3.003906250000e+08, 9.425028572099e-01
3.007812500000e+08, 9.425402809407e-01
3.011718750000e+08, 9.425776331914e-01
3.015625000000e+08, 9.426149142023e-01
3.019531250000e+08, 9.426521242129e-01
3.023437500000e+08, 9.426892634612e-01
3.027343750000e+08, 9.427263321847e-01
3.031250000000e+08, 9.427633306195e-01
3.035156250000e+08, 9.428002590007e-01
3.039062500000e+08, 9.428371175625e-01
3.042968750000e+08, 9.428739065380e-01
3.046875000000e+08, 9.429106261594e-01
3.050781250000e+08, 9.429472766578e-01
3.054687500000e+08, 9.429838582632e-01
3.058593750000e+08, 9.430203712049e-01
3.062500000000e+08, 9.430568157108e-01
3.066406250000e+08, 9.430931920083e-01
3.070312500000e+08, 9.431295003233e-01
3.074218750000e+08, 9.431657408812e-01
3.078125000000e+08, 9.432019139062e-01
3.082031250000e+08, 9.432380196215e-01
3.085937500000e+08, 9.432740582494e-01
3.089843750000e+08, 9.433100300114e-01
3.093750000000e+08, 9.433459351277e-01
3.097656250000e+08, 9.433817738180e-01
3.101562500000e+08, 9.434175463007e-01
3.105468750000e+08, 9.434532527934e-01
3.109375000000e+08, 9.434888935128e-01
3.113281250000e+08, 9.435244686748e-01
3.117187500000e+08, 9.435599784941e-01
3.121093750000e+08, 9.435954231847e-01
3.125000000000e+08, 9.436308029596e-01
3.128906250000e+08, 9.436661180310e-01
3.132812500000e+08, 9.437013686101e-01
3.136718750000e+08, 9.437365549073e-01
3.140625000000e+08, 9.437716771320e-01
3.144531250000e+08, 9.438067354929e-01
3.148437500000e+08, 9.438417301976e-01
3.152343750000e+08, 9.438766614530e-01
3.156250000000e+08, 9.439115294651e-01
3.160156250000e+08, 9.439463344390e-01
3.164062500000e+08, 9.439810765789e-01
3.167968750000e+08, 9.440157560883e-01
3.171875000000e+08, 9.440503731698e-01
3.175781250000e+08, 9.440849280250e-01
3.179687500000e+08, 9.441194208549e-01
3.183593750000e+08, 9.441538518595e-01
3.187500000000e+08, 9.441882212380e-01
3.191406250000e+08, 9.442225291888e-01
3.195312500000e+08, 9.442567759095e-01
3.199218750000e+08, 9.442909615969e-01
3.203125000000e+08, 9.443250864470e-01
3.207031250000e+08, 9.443591506548e-01
3.210937500000e+08, 9.443931544147e-01
3.214843750000e+08, 9.444270979202e-01
3.218750000000e+08, 9.444609813642e-01
3.222656250000e+08, 9.444948049386e-01
3.226562500000e+08, 9.445285688345e-01
3.230468750000e+08, 9.445622732424e-01
3.234375000000e+08, 9.445959183518e-01
3.238281250000e+08, 9.446295043516e-01
3.242187500000e+08, 9.446630314300e-01
3.246093750000e+08, 9.446964997741e-01
3.250000000000e+08, 9.447299095706e-01
3.253906250000e+08, 9.447632610052e-01
3.257812500000e+08, 9.447965542630e-01
3.261718750000e+08, 9.448297895282e-01
3.265625000000e+08, 9.448629669845e-01
3.269531250000e+08, 9.448960868146e-01
3.273437500000e+08, 9.449291492006e-01
3.277343750000e+08, 9.449621543238e-01
3.281250000000e+08, 9.449951023648e-01
3.285156250000e+08, 9.450279935035e-01
3.289062500000e+08, 9.450608279191e-01
3.292968750000e+08, 9.450936057900e-01
3.296875000000e+08, 9.451263272939e-01
3.300781250000e+08, 9.451589926078e-01
3.304687500000e+08, 9.451916019080e-01
3.308593750000e+08, 9.452241553701e-01
3.312500000000e+08, 9.452566531691e-01
3.316406250000e+08, 9.452890954791e-01
3.320312500000e+08, 9.453214824736e-01
3.324218750000e+08, 9.453538143255e-01
3.328125000000e+08, 9.453860912068e-01
3.332031250000e+08, 9.454183132891e-01
3.335937500000e+08, 9.454504807431e-01
3.339843750000e+08, 9.454825937388e-01
3.343750000000e+08, 9.455146524458e-01
3.347656250000e+08, 9.455466570328e-01
3.351562500000e+08, 9.455786076678e-01
3.355468750000e+08, 9.456105045184e-01
3.359375000000e+08, 9.456423477512e-01
3.363281250000e+08, 9.456741375323e-01
3.367187500000e+08, 9.457058740273e-01
3.371093750000e+08, 9.457375574009e-01
3.375000000000e+08, 9.457691878174e-01
3.378906250000e+08, 9.458007654401e-01
3.382812500000e+08, 9.458322904321e-01
3.386718750000e+08, 9.458637629555e-01
3.390625000000e+08, 9.458951831721e-01
3.394531250000e+08, 9.459265512426e-01
3.398437500000e+08, 9.459578673276e-01
3.402343750000e+08, 9.459891315868e-01
3.406250000000e+08, 9.460203441792e-01
3.410156250000e+08, 9.460515052634e-01
3.414062500000e+08, 9.460826149972e-01
3.417968750000e+08, 9.461136735380e-01
3.421875000000e+08, 9.461446810424e-01
3.425781250000e+08, 9.461756376664e-01
3.429687500000e+08, 9.462065435655e-01
3.433593750000e+08, 9.462373988945e-01
3.437500000000e+08, 9.462682038078e-01
3.441406250000e+08, 9.462989584590e-01
3.445312500000e+08, 9.463296630011e-01
3.449218750000e+08, 9.463603175866e-01
3.453125000000e+08, 9.463909223676e-01
3.457031250000e+08, 9.464214774952e-01
3.460937500000e+08, 9.464519831202e-01
3.464843750000e+08, 9.464824393928e-01
3.468750000000e+08, 9.465128464625e-01
3.472656250000e+08, 9.465432044785e-01
3.476562500000e+08, 9.465735135891e-01
3.480468750000e+08, 9.466037739423e-01
3.484375000000e+08, 9.466339856853e-01
3.488281250000e+08, 9.466641489650e-01
3.492187500000e+08, 9.466942639275e-01
3.496093750000e+08, 9.467243307184e-01
3.500000000000e+08, 9.467543494830e-01
3.503906250000e+08, 9.467843203657e-01
3.507812500000e+08, 9.468142435106e-01
3.511718750000e+08, 9.468441190611e-01
3.515625000000e+08, 9.468739471601e-01
3.519531250000e+08, 9.469037279500e-01
3.523437500000e+08, 9.469334615727e-01
3.527343750000e+08, 9.469631481695e-01
3.531250000000e+08, 9.469927878811e-01
3.535156250000e+08, 9.470223808479e-01
3.539062500000e+08, 9.470519272094e-01
3.542968750000e+08, 9.470814271050e-01
3.546875000000e+08, 9.471108806733e-01
3.550781250000e+08, 9.471402880524e-01
3.554687500000e+08, 9.471696493801e-01
3.558593750000e+08, 9.471989647934e-01
3.562500000000e+08, 9.472282344290e-01
3.566406250000e+08, 9.472574584230e-01
3.570312500000e+08, 9.472866369109e-01
3.574218750000e+08, 9.473157700280e-01
3.578125000000e+08, 9.473448579087e-01
3.582031250000e+08, 9.473739006871e-01
3.585937500000e+08, 9.474028984969e-01
3.589843750000e+08, 9.474318514712e-01
3.593750000000e+08, 9.474607597426e-01
3.597656250000e+08, 9.474896234432e-01
3.601562500000e+08, 9.475184427046e-01
3.605468750000e+08, 9.475472176580e-01
3.609375000000e+08, 9.475759484340e-01
3.613281250000e+08, 9.476046351629e-01
3.617187500000e+08, 9.476332779743e-01
3.621093750000e+08, 9.476618769974e-01
3.625000000000e+08, 9.476904323610e-01
3.628906250000e+08, 9.477189441934e-01
3.632812500000e+08, 9.477474126224e-01
3.636718750000e+08, 9.477758377753e-01
3.640625000000e+08, 9.478042197789e-01
3.644531250000e+08, 9.478325587597e-01
3.648437500000e+08, 9.478608548437e-01
3.652343750000e+08, 9.478891081563e-01
3.656250000000e+08, 9.479173188225e-01
3.660156250000e+08, 9.479454869669e-01
3.664062500000e+08, 9.479736127137e-01
3.667968750000e+08, 9.480016961864e-01
3.671875000000e+08, 9.480297375083e-01
3.675781250000e+08, 9.480577368022e-01
3.679687500000e+08, 9.480856941904e-01
3.683593750000e+08, 9.481136097947e-01
3.687500000000e+08, 9.481414837366e-01
3.691406250000e+08, 9.481693161371e-01
3.695312500000e+08, 9.481971071168e-01
3.699218750000e+08, 9.482248567957e-01
3.703125000000e+08, 9.482525652935e-01
3.707031250000e+08, 9.482802327296e-01
3.710937500000e+08, 9.483078592227e-01
3.714843750000e+08, 9.483354448912e-01
3.718750000000e+08, 9.483629898531e-01
3.722656250000e+08, 9.483904942260e-01
3.726562500000e+08, 9.484179581269e-01
3.730468750000e+08, 9.484453816725e-01
3.734375000000e+08, 9.484727649793e-01
3.738281250000e+08, 9.485001081629e-01
3.742187500000e+08, 9.485274113389e-01
3.746093750000e+08, 9.485546746223e-01
3.750000000000e+08, 9.485818981277e-01
3.753906250000e+08, 9.486090819694e-01
3.757812500000e+08, 9.486362262612e-01
3.761718750000e+08, 9.486633311163e-01
3.765625000000e+08, 9.486903966480e-01
3.769531250000e+08, 9.487174229687e-01
3.773437500000e+08, 9.487444101906e-01
3.777343750000e+08, 9.487713584256e-01
3.781250000000e+08, 9.487982677850e-01
3.785156250000e+08, 9.488251383799e-01
3.789062500000e+08, 9.488519703208e-01
3.792968750000e+08, 9.488787637179e-01
3.796875000000e+08, 9.489055186812e-01
3.800781250000e+08, 9.489322353200e-01
3.804687500000e+08, 9.489589137433e-01
3.808593750000e+08, 9.489855540599e-01
3.812500000000e+08, 9.490121563781e-01
3.816406250000e+08, 9.490387208056e-01
3.820312500000e+08, 9.490652474501e-01
3.824218750000e+08, 9.490917364186e-01
3.828125000000e+08, 9.491181878180e-01
3.832031250000e+08, 9.491446017546e-01
3.835937500000e+08, 9.491709783345e-01
3.839843750000e+08, 9.491973176632e-01
3.843750000000e+08, 9.492236198461e-01
3.847656250000e+08, 9.492498849880e-01
3.851562500000e+08, 9.492761131934e-01
3.855468750000e+08, 9.493023045666e-01
3.859375000000e+08, 9.493284592114e-01
3.863281250000e+08, 9.493545772311e-01
3.867187500000e+08, 9.493806587288e-01
3.871093750000e+08, 9.494067038074e-01
3.875000000000e+08, 9.494327125690e-01
3.878906250000e+08, 9.494586851158e-01
3.882812500000e+08, 9.494846215493e-01
3.886718750000e+08, 9.495105219709e-01
3.890625000000e+08, 9.495363864814e-01
3.894531250000e+08, 9.495622151816e-01
3.898437500000e+08, 9.495880081715e-01
3.902343750000e+08, 9.496137655512e-01
3.906250000000e+08, 9.496394874201e-01
